,place,location,point,lat,lon
9,Salem (Salerh) NJ,,,,
11,Alltgoch Llanwenog Cardigan South Wales,,,,
24,"Southold, Long Island, NY",,,,
25,Brattleboroug,,,,
28,"Smithtown, Long Island, NY",,,,
30,Brattleborough,,,,
31,"Brattleborough, Vt",,,,
40,"Regent, U of NY",,,,
41,"Grabs, Glaurus, Switzerland",,,,
54,"Zurich, Switzeriand",,,,
63,East Hempfield (Lane) PA,,,,
67,"Crayfelt, Germany",,,,
70,"Easthampton, Long Island, NY",,,,
72,"St Thomas, Danish West Indies, Aug",,,,
77,"Southampton, Long Island, NY",,,,
78,"Branford, Connar",,,,
80,"Lynn, Mass, Nov Dec",,,,
95,Paulin's Kill (Warren) NJ,,,,
104,German Flats (Herkimer) NY,,,,
114,Bart (Lane) PA,,,,
119,Gnadenthal PA,,,,
121,Friedenthal PA,,,,
135,"Setauket, Long Island, NY",,,,
138,North Middleton (Cumb) PA,,,,
154,Upper Node Forest,,,,
157,Bart (Lancaster) PA,,,,
167,"Schreisheim, PAlatinate, Germany",,,,
168,"Schwartzenau, Germany",,,,
171,"Germantown, at Beggarstown",,,,
172,Ephrata Chloister,,,,
177,"Remsen's Bush, NY",,,,
180,Currie's Bush,,,,
185,Molatton PA,,,,
188,"Molatton, or Amity (Berks) PA",,,,
198,Falkner's Swamp PA,,,,
203,Hopewell (York) PA,,,,
221,"Hwitler Kill, , as",,,,
227,Deerfield (Cumb) NJ,,,,
233,St George's Parish (Northampton) NC,,,,
236,"Drysdale Parish (Caroline) Va, bef",,,,
237,"Gevalia, Gestrickland, Sweden",,,,
238,"Gestricia, Norrland, Sweden",,,,
240,"Philadelphia, as supply",,,,
242,Molatton (Berks) PA,,,,
243,"Hedmore, Sweden",,,,
252,"Thrulichen, Bohemia",,,,
265,Gravesend and New Utrecht,,,,
267,"Kelso, County Roxburgh, Scotland",,,,
278,"Cedar Creek Hundred, Del",,,,
279,Dagsborough (Sussex) Del,,,,
282,Newtown (Del) PA,,,,
285,"Klettenberg, Hohenstein, Saxony",,,,
286,Berthelsdor,,,,
289,Herrnhag PA,,,,
294,Meteucken (Mx) NJ,,,,
295,"Harpersdorf, Lower Silesia, Germany",,,,
299,"Pawagtenog, NY",,,,
308,Strasburg (Lane) PA,,,,
312,"Pennsneck, NJ",,,,
314,Holmdel (Monm) NJ,,,,
315,Marlborough (Monm) NJ,,,,
318,Pennsneck (Salem) NJ,,,,
325,Quihawken,,,,
331,"Oyster Bay, Long Island, NY",,,,
333,"Lower Aquebogu, NY",,,,
334,Lower Aquebogue,,,,
335,"Llanllwyni, Cardiganshire, Wales",,,,
340,"Junior, son of Bishop Benjamin Hershey",,,,
342,East Lampeter (Lane) PA,,,,
343,"KoUum, Friesland, Holland, to",,,,
347,Jersey Settlements (Davidson) NC,,,,
348,"Regent, U of State of NY",,,,
350,"Jamaica, Long Island, NY",,,,
351,"Dosori, Long Island, NY",,,,
355,"Setauke, NY",,,,
357,"Pollifly, Hackensack, NJ",,,,
368,"Kent, Conn, Oct",,,,
369,"Province Island, Nov Mar",,,,
390,Phillipstown (Putnam) NY,,,,
392,Fairfax Parish (Fairfax) Va,,,,
393,Norbourne Parish (Berkeley) WVa,,,,
394,"Wyoming, PA (now WilkesBarre)",,,,
395,"Westofen, Westphalia, Germany",,,,
396,Mariborough (Monmouth) NJ,,,,
401,Willenstad,,,,
403,"Winhal,",,,,
409,"Orange, at Newark Mountain, NJ",,,,
414,Herborn Seminary,,,,
437,"Gravesend, Long Island, NY",,,,
443,"Gonderach, Holland",,,,
444,"Ludinghusan's monastery, Munster, Westphalia",,,,
445,Tulpehoeken,,,,
447,Rhinebeek (Dutehess) NY,,,,
448,Kingsbury (Dutchess) NY,,,,
452,"Bridgeto, West Indies",,,,
462,Laneaster (Lane) PA,,,,
463,"Glenkilcar, Donegal, Ireland",,,,
464,"Dover, Smyrna, Mispillion, and Milford",,,,
475,Silver Run (York) PA,,,,
478,Creutznach Germany,,,,
483,Middletown Point (Monmouth) NJ,,,,
490,"Eshelbrun, Baden, Germany",,,,
497,Brecknock (Lane) PA,,,,
499,West Earl (Lane) PA,,,,
509,Prineeton U,,,,
512,"Millstone, Oct",,,,
516,Danish West Indies,,,,
518,"Bernberg-Anhalt, Germany",,,,
522,Hellam (York) PA,,,,
523,Conewago (York) PA,,,,
527,Codorus (York) PA,,,,
529,East Cocalico (Lane) PA,,,,
532,West Cocalico (Lane) PA,,,,
536,East liempfield (Lane) PA,,,,
553,"Kathelsdorf, Moravia",,,,
554,"Probstzell, Saxony",,,,
559,Schaeffertown,,,,
572,"Isle of Nevis, WI",,,,
581,Indianfield PA,,,,
594,Seeond River,,,,
596,Rhinebeck Flats (Dutchess) NY,,,,
604,Loyalist refugee,,,,
618,"Langen-Reinsdorf, Zwichau, Saxony",,,,
619,New Germantown (Hunterdon) NJ,,,,
620,Hillsborough near Harlingen,,,,
628,"Klickenberg, NY",,,,
629,"Langen Rack, NY",,,,
635,"Tarbush, NY",,,,
637,Kaatsbaan (Ulster) NY,,,,
639,"Theosophieal Community, Wissahiekon, PA",,,,
642,"Middletown, as an assistant)",,,,
645,Mingo near Royersford,,,,
650,"South: Craig's, now Bath)",,,,
652,Monoeasy (Frederiek) MD,,,,
657,Oley Hill PA 1793,,,,
658,Moselem in Riehmond PA 1793,,,,
659,Bieber Creek in Roekland PA 1793,,,,
664,Braunschweig PA 1793,,,,
673,"Koenigswalde, Saxony",,,,
674,Trenton (Mereer) NJ,,,,
675,"Chester Circuit, Chester co PA",,,,
680,Upper Tulpehoeken (Berks) PA,,,,
687,Christiana Bridge (New Castle) Del,,,,
701,Mount Bethel (Lehigh) PA,,,,
702,"Crosweeksung, near Freehold, NJ",,,,
711,"Paulin's Kill, N J",,,,
712,"Gnadenhuetten, PA",,,,
713,"Wequodnoc in Sharon, CT",,,,
719,Qrd Patterson (Putnam) NYov,,,,
725,"Tredyffryn, PA",,,,
726,Clarkesboro (Cumberland) N J,,,,
727,Gloucester City (Cumb) NJ,,,,
729,"Greenwich, formerly Waterford, NJ",,,,
730,"Gloueester and Waterford, NJ",,,,
731,Shelburne Parish (Loudoun) Va,,,,
734,Tredyffryn (Chester) PA,,,,
737,West New Hempstead (Roekland) NY,,,,
740,"Kakiat, Spring Valley",,,,
741,"Zauchtenthal, Moravia",,,,
742,Island of St Croix,,,,
747,Rosina Nitschmann,,,,
749,"Herrnhut, Moravia",,,,
750,"St Thomas, West Indies",,,,
754,"Killean, Seotland",,,,
768,Warwarsing (Ulster) NY,,,,
769,Red Hook Landing (Dutchess) NY,,,,
770,Lector in Theology,,,,
771,"Prof, of Theology",,,,
773,"New Barbadoes, May",,,,
775,"Brookhaven, Long Island, NY",,,,
778,Cutchogue and Mattituck,,,,
779,"Orient, Long Island, NY",,,,
786,"Town Clerk, ff for many years",,,,
787,Convention Sermon,,,,
788,Dudleian Lecture,,,,
790,"Huntingto, NY",,,,
797,Stratton Major Parish (King and Queen) Va,,,,
802,"Cantes, Groningen, Holland",,,,
805,"Southol, NY",,,,
821,Minisink (Sullivan) NYug,,,,
822,Mahakemack (ie Port Jervis) (Orange) NY,,,,
825,"Millington Parish, East Haddam, CT",,,,
826,St George's (New Castle) Del,,,,
833,"Woodbridge, Conn, Dec",,,,
835,"Huntington, Long Island, NY",,,,
837,South East NY,,,,
840,"Riverhead, Long Island, NY",,,,
848,"Cedar Swamp, Long Island, NY",,,,
850,North Salem (Westehester) NY,,,,
854,Marcus Hook (Del) PA,,,,
855,Swedesborough (Gloucester) NJ,,,,
858,Crane Hook (New Castle) Del,,,,
861,"Carnoe, Montgomery, Wales",,,,
863,"Rector, Gwaynysgor, Flintshire",,,,
867,Perkionien PA,,,,
871,St George's Parish (Harford) MD,,,,
875,"Muelheim-on-the-Ruhr, Germany",,,,
876,"Stettin, Prussia",,,,
879,Mirambeau and La Roche Chal,,,,
881,Liiiiz PA,,,,
882,"Nazaretíi Pa Ma\' , as warden",,,,
893,U of Utrecht,,,,
895,"Leek, County Donegal, Ireland",,,,
896,"Prof, of Classics and Metaphysics",,,,
899,"Hamstead Bridge, Birmingham, England",,,,
900,Spotsylvani,,,,
906,"Baltimore, MDuly",,,,
908,Hope (W'arren) PA,,,,
910,"Bodensingen, Baden-Durlaeh",,,,
913,Warwiek (Laneaster) PA,,,,
923,Hardwic,,,,
925,Frelinghuysen (Warren) NJ May,,,,
926,Hackettstown (Warren) NJ May,,,,
931,Verjo Holland,,,,
934,"Steticheim, near Mayence",,,,
936,Upper Hanover (Montg) PA,,,,
938,Long Swamp (Berks) PA,,,,
942,"Conitz, Polish Prussia",,,,
945,Moskito Coast,,,,
947,"Tuscarawas Valley, Stark co, Ohio",,,,
948,Salswedel Germany,,,,
951,Qrd Zurich,,,,
952,Tewksbury (Hunt) NJ,,,,
955,"Herrnhay, Germany",,,,
957,"Sagenroth, Switzerland",,,,
960,"Frederic, late in Sept",,,,
961,Middletown (Fred) MD,,,,
964,Stephenstown (Frederick) Va,,,,
967,"Northampton co Dryland, Easton, Lehigh",,,,
970,Staufferstown,,,,
976,"Newport, RL",,,,
977,Pilesgrove and Woolwich,,,,
979,Rockland (Bucks) PA,,,,
983,Schoefferstown (Lebanon) PA,,,,
987,Frederiek County Maryland,,,,
988,"West Gothland, Sweden",,,,
990,"Pelacheeola, Ga",,,,
991,Pentonville Salem NJ,,,,
992,GARRET (Gerhardus),,,,
994,Swamp district PA,,,,
997,Brothertown (Somerset) PA,,,,
1000,Qrd in Connct,,,,
1001,"Wyoming, now WilkesBarre (Luzerne) PA",,,,
1004,Carlisle (Cumb) PA,,,,
1005,"Lancaster, PA (where he resided)",,,,
1013,Compassville,,,,
1021,Carroll (York) PA,,,,
1022,Newville (Cumb) PA,,,,
1026,Berbice South America,,,,
1031,"Woodbridge, , all in NJ",,,,
1034,"Elizabeth River Parish, VA",,,,
1040,"Eppingen, Neckar Valley, Germany",,,,
1045,Huntersville (Schoharie) NY,,,,
1048,Burnetsfield (Herkimer) NY,,,,
1050,"Sehlen, Moravia",,,,
1053,"Phillipstown, Yonkers (Westchester) NY",,,,
1055,"SufReld, CT",,,,
1059,North Elk Parish (Cecil) MD,,,,
1062,"Duchy of Nassau, Germany",,,,
1085,"Schoenheide, Lower Silesia, Germany",,,,
1089,"Philadelphia , asst min",,,,
1090,New Germantown (Morris) NJ,,,,
1093,Franklin Coll,,,,
1096,Leslyland,,,,
1100,"Merionethshire, Great Britain",,,,
1101,Caernarvon (Lane) PA,,,,
1104,"New Barbadoes, supply",,,,
1109,Tappan in Orangetown (Rockland) NY,,,,
1112,Qrd London,,,,
1113,St Mary Anne's Parish (Cecil) MD,,,,
1114,East Donegal (Lane) PA,,,,
1115,Somerset Parish (Somerset) MD,,,,
1116,"Langnau, Emmenthal, Berne, Switzerland",,,,
1119,Providenee (Lane) PA,,,,
1130,Punchester (Pembroke) South Wales,,,,
1131,Ammasland (Del) PA,,,,
1132,Bridgeton (Cumb) NJ,,,,
1133,Calkoen's Hook (Del) PA,,,,
1136,Maurice River (Cumb) NJ,,,,
1137,Swedesborough (Glouc) NJ,,,,
1139,"Blumenberg, Lippe, Westphalia, Germany",,,,
1142,University of Frankfort-on-the-Oder,,,,
1143,"Eingfleish, near Berlin",,,,
1145,"Harlem and Fordham, NY",,,,
1149,Wawasing NY,,,,
1150,"Jamaie, NY",,,,
1164,Manahawkin (Monmouth) NJ,,,,
1165,"Pfluellingen, Wurtemberg, Germany",,,,
1169,Drawyer's Creek DE,,,,
1170,Greenwich (Cumb) NJ,,,,
1171,Chester Town (Kent) MD,,,,
1173,Nain (Lehigh) PA,,,,
1177,Piseataway NJ,,,,
1179,Salisbury (Bucks) PA,,,,
1181,"Einbeek, Hanover, Germany",,,,
1182,"GrossHennersdorf, Upper Lusatia, July",,,,
1183,"Ebenezer, near Savannah, Ga",,,,
1185,Upper Saueon (Lehigh) PA,,,,
1190,"Reading, Aug Aug",,,,
1195,New Rhinebeck (Schoharie CO) NY,,,,
1197,St Michael's Parish MD,,,,
1198,St Michael's Parish (Talbot) MD,,,,
1202,Tolpehil (Lebanon) PA,,,,
1205,University of Herborn,,,,
1208,Steitztown,,,,
1211,"Wonbrugge, Holland",,,,
1215,"Success, Long Island, NY",,,,
1218,"Greenvill, Apr",,,,
1226,Milemantown (Ulster) NY,,,,
1228,Waiden (Orange) NY,,,,
1229,Cohansen NJ,,,,
1230,Lewes Presbyteryar,,,,
1231,Newtown (Bucks) Pa and Plumstead (Bucks) PA,,,,
1235,"Judge, PA Dist Court",,,,
1236,"Judge, PA Supreme Court",,,,
1237,St Paul's Parish (Queen Annes) MD,,,,
1238,NJ as a Presb,,,,
1239,Potomac Church (Northumberland) VA,,,,
1242,"Rye and Sing Sing, NY",,,,
1243,Ordj White Plains (Westchester) NYet,,,,
1250,"Buckingham, Dec",,,,
1251,"Buckingham, Conn, Oct",,,,
1256,Hatfield (Montg) PA,,,,
1260,Thomas Ellis's PA,,,,
1264,Samuel Hooper's PA,,,,
1268,Poughkeepsie (Dutehess) NY,,,,
1269,New Haekensaek (Dutehess) NY,,,,
1270,Fishkill (Dutehess) NY,,,,
1274,"Oester-aeker, Sweden",,,,
1275,Fellingsbr,,,,
1280,Norra Ljusteroe Sweden,,,,
1281,Lower Frederick (Montg) PA,,,,
1284,St Mark's Parish (Craven) SC,,,,
1287,"JACOB DUCHÉ, of Oratory, U of PA",,,,
1288,"Marstadt, Worms, Rhein-Hessen",,,,
1291,Tran Hook PA,,,,
1299,Towamencin (Montg) PA,,,,
1325,"Bethabara, NCuly",,,,
1327,Harlingen (Som) NJ,,,,
1328,"Marbletown, Rochester, Wawarsing",,,,
1329,"President, Rutgers Coll",,,,
1330,Neshanic (Som) NJ,,,,
1331,Hillsborough (Som) NJ,,,,
1332,"Rosendale, all in Ulster Co, NY",,,,
1344,Hagerstow,,,,
1348,Meehanicstown (Frederick) MD,,,,
1349,"Troxel's Chh, MD",,,,
1354,"Fairfield co Conn, , as a physician",,,,
1355,Middletown (Del) PA,,,,
1362,Warwick (Qrange) NY,,,,
1371,"Qrd New Brunswick Presbytery, ept",,,,
1375,Letterkenney (Franklin) PA,,,,
1377,"Campbellton-on-Argyleshire, Scotland",,,,
1378,Conococheague or Falling,,,,
1380,"New Utrecht, Long Island, NY",,,,
1381,"Flatbush, Long Island, NY",,,,
1395,"Brookhaven, Long Island, Setauket",,,,
1399,"Hanover (York) Little Conewago, PA",,,,
1400,"Kinneff, Kincardinshire, Scotland",,,,
1410,"West Jersey and New Castle co Del, ca",,,,
1411,JAMES OREM (or Overn),,,,
1413,Philips' Patent (Dutchess) NY,,,,
1425,"Cowmarsh, Del",,,,
1433,JAMES WILSON (poss,,,,
1439,"Twickenham, Middlesex, England",,,,
1440,"Litit, PA",,,,
1457,Llanfernach (Pembroke) Wales,,,,
1461,"West Greenwich, Connept",,,,
1470,"Sandwieh, MA",,,,
1472,Amenia (Dutehess) NY,,,,
1473,"Manehester, Vt",,,,
1476,"Schainbach, Wertemberg, Germany",,,,
1478,Qrd Conestoga (Lancaster) PA,,,,
1479,"Astaet, Hermberg, Wurtemberg, Germany",,,,
1480,Tulpehoeken PA,,,,
1481,"Lemgo, Lippe-Detmold, Germany",,,,
1483,"Pietistic Community at Wissahickon, PA",,,,
1486,"Norten, Cassel, Germany",,,,
1487,"Marienborn and Crefeld, Germany",,,,
1488,"Overschic, Holland",,,,
1492,"Franklin, and Three Mile Run, all in N J",,,,
1495,Gallatin (Dutchess) NY,,,,
1498,"Deerpark, Smithfield (Monroe) PA",,,,
1499,Shawanee Ghh at Lower Smithfield PA,,,,
1501,"Wald, Duchy of Berg",,,,
1506,Curacoa (off the coast of Venezuela),,,,
1507,"Niew Amsterdam, NY",,,,
1508,"Halwegen, Segesvar, Transylvania",,,,
1509,"Theosophical Community, Wissahickon, PA",,,,
1515,"Wieringerweert, North Holland",,,,
1516,Schoorl and Bergen,,,,
1517,Rensselaerwyck for six years,,,,
1518,"Montrose, Cortlandttown (Westchester) NY",,,,
1523,Middleburg (Schoharie) NY,,,,
1531,"Itamacus, Brazil",,,,
1532,Niew Amersfoordt,,,,
1536,"Lynville's Creek (Rockingham), VA",,,,
1538,JOHN ANDREAS FRIEDERICHS ( Friderici),,,,
1543,Head of Elk River (Cecil) MD,,,,
1544,"Carlisle, York and Huntington, in PA",,,,
1545,"Rector, St John's Parish (Caroline) MD",,,,
1546,"ViceProvost, U of PA",,,,
1548,Leaves Delaware,,,,
1552,"Loebejuen, Germany",,,,
1556,"Washington, lyej-i-j^j",,,,
1557,"Oberingelheim, PAlatinate, Germany",,,,
1560,"Pampisford, co Cambridgeay",,,,
1567,"St John's River, New Brunswick, Canada",,,,
1571,Wallkil,,,,
1573,"Vice Près,",,,,
1575,"Krumberg, Bohemia",,,,
1576,Auston Spa NY,,,,
1578,"St Croix, West Indies",,,,
1582,Fairfield (Cumberiand) NJ,,,,
1588,"Hunter's, Mount Bethel (Northampton) PA",,,,
1591,"Woodbrick, co York",,,,
1592,"Ardsley, near Wakefield, York",,,,
1596,"Page's, N J",,,,
1597,"Greenwich, England, June",,,,
1599,Mariborough (Ulster) NY,,,,
1602,"Frosthuelt and Hernevi, Sweden",,,,
1603,"Tarbert, Argyleshire, Scotland",,,,
1604,Springfield (York) PA,,,,
1605,"Windecken, Hanau",,,,
1606,Solms Hohenzollern Germany,,,,
1607,Niederweissel Germany,,,,
1611,"Luedorff, Unter Pfaltz, Germany",,,,
1617,"Maxatawny, at Bower's",,,,
1630,"H^anover, St Michael's",,,,
1636,Brecknock (East Cocalico) PA,,,,
1638,"Freudenberg, NassauSiegen, Germany",,,,
1639,"Batavia, West Indies",,,,
1641,"Canton, China, Amsterdam",,,,
1643,"Mosbach on the Neckar, Rhein-Pfaltz",,,,
1649,"Hillersleben, Magdeburg",,,,
1651,"Ord Zeyst, H^olland, May",,,,
1653,"Marienborn, Wetteravia",,,,
1654,"London, Sept",,,,
1655,"Angerstein, Goettingen, Germany",,,,
1657,Hamilton (York) PA,,,,
1658,Trumbaursville,,,,
1659,"Thueringen, Saxe Gotha, Germany",,,,
1661,Raritan (Som) NJ,,,,
1662,East Camp (Ulster) NY,,,,
1663,Hyde Park (Dutehess) NY,,,,
1665,"Hartwig, Otsego co, NY",,,,
1666,"Artern, Mansfield, Saxony",,,,
1670,"Pausa, Voigtland",,,,
1671,University of Leipsic,,,,
1674,"Swedish Settlements,  NJ",,,,
1679,"Bethel and Lebanon, PA",,,,
1689,New Windsor (Qrange) NY,,,,
1690,Cornwall (Qrange) NY,,,,
1693,Qxford (Chester) PA,,,,
1694,"Middletown, Del and Appoquinimink, Del",,,,
1695,Radnor in Newtown (Del) PA,,,,
1696,"Mosbach, PAlatinate, Germany",,,,
1697,"Nuenkirch, Schaffhausen, Switzerland",,,,
1702,Coxestown (Dauphin) PA,,,,
1708,Allen & Lehigh (Northampton) PA,,,,
1712,Upper Leacock (Lane) PA,,,,
1715,Rapho (Lane) PA,,,,
1716,North Lebanon (Leb) PA,,,,
1719,"Goshen, Redstone Settlement, PA",,,,
1720,Letterkenney PA,,,,
1721,Martic (Lane) PA,,,,
1722,Lower Chancefield (York) Paar,,,,
1724,"Webenheim, Zweibruecken, Germany",,,,
1730,"Philippi, NY",,,,
1732,"Lower Aquebogue, Long Island, NY",,,,
1738,Wacovia NJ,,,,
1745,University of Halle,,,,
1747,"U of Franecker, Holland",,,,
1748,Futnam KY,,,,
1750,"Boerstel, Sweden",,,,
1753,Lower Saueon (Northampton) PA,,,,
1755,Pennsboro (Cumb) PA,,,,
1756,"Trendenstadt, Wurtemberg",,,,
1760,"Lindhelm, near FrankfortontheMain, , a",,,,
1764,"Shrewsbury, all in Monmouth Co, NJ",,,,
1768,U of Leipzig,,,,
1773,"Hernndyck, Holland",,,,
1774,Gros Hennersdorf,,,,
1778,Wurtemburg in Hyde Park (Dutchess) NY,,,,
1780,JOHN FREDERICK RIES (or Reis),,,,
1796,Taghkanie (Columbia) NY,,,,
1797,Squampawmoek,,,,
1801,"Kreutznach, PAlatinate, Germany",,,,
1802,"Niederlinzweiler, Nassau-Saarbrueck",,,,
1808,"Hoehenheim, Baden, Germany",,,,
1809,Gnadenhuetten (Tuscarawas) Ohio,,,,
1810,"Pachgatgoch (near Kent, Connecticut)",,,,
1812,Lanuntutenmunk PA,,,,
1813,"Hildersheim, Germany",,,,
1814,Oley Hills (Berks) PA,,,,
1816,Lower ]VIacungie (Lehigh) Pa Dee,,,,
1823,Mackiwihilusing mission,,,,
1825,"Bisehofswerda, Saxony",,,,
1826,Maeungie (Lehigh) PA,,,,
1832,"Whitney, County Oxford, England",,,,
1833,"Giessen, Hesse-Darmstadt, Germany",,,,
1837,"Freinsheim, Rhine, PAlatinate",,,,
1839,"Markoebel, Nassau",,,,
1842,Upper Salford (Montg) PA,,,,
1847,"Weisenberg, Ziegel's",,,,
1851,Reyen Germany,,,,
1852,Kirchhard Germany,,,,
1855,Trexlerstown,,,,
1858,Quittopehille Lebanon PA,,,,
1859,"Lititz, minister in rural distriets",,,,
1860,Graeeham (Frederiek) MD,,,,
1865,Christianspring,,,,
1866,Hungar's Paris,,,,
1867,Hungar's Parish (Northampton) Va,,,,
1869,Annapoli,,,,
1871,Chiehester (Delaware) PA,,,,
1873,"St Gall, Switzeriand",,,,
1875,Mulhouse and Basel,,,,
1882,Lancaster co East Cocalico PA,,,,
1884,York co: Hellam,,,,
1885,"Long Green, Lower Bermudian",,,,
1888,Westminster Parish Anne Arundel MD,,,,
1893,Secretary to David Zeisberger,,,,
1895,JOHN JACOB RIESS ( Riesz),,,,
1897,"New Gnadenhuetten, Ohio",,,,
1898,AUentown (Lehigh) PA,,,,
1900,JOHN JOSEPH SCHEBOSH (Running Water),,,,
1905,"Windham, New Hampshire, Oct Apr",,,,
1906,Upper Darby (Del) PA,,,,
1907,Pawling (Dutehess) NY,,,,
1913,"Temple-Patrick, Ireland",,,,
1914,"Leysingen, Wurtemberg, Germany",,,,
1915,Sunbury (Northampton) PA,,,,
1916,Waldoboroug,,,,
1917,"Mid-Calder, Linlithgow County Scotland",,,,
1919,"Bruynswick, Dutch Ref",,,,
1920,Fagg's Manor (Chester) PA,,,,
1923,Vice-president,,,,
1931,U of Koenigsberg,,,,
1936,Warwisqueake Parish (Isle of Wight) Va,,,,
1946,"Luetzellinden, Nassau-Weilburg, Germany",,,,
1947,"Baltimor, GS",,,,
1948,University of Giessen and Halle,,,,
1949,Lower Windsor (Berks) PA,,,,
1950,"Mambaechel, Zweibruecken, Germany",,,,
1952,"Senior, went to Laplandeb",,,,
1955,Lower West Nottingham PA,,,,
1956,Lower West Nottingham (Cecil) MD,,,,
1957,"Dilsheim, Germany",,,,
1958,"Savannah, Ga, Oct Jan",,,,
1963,Beckford Parish (Shenandoah) VA,,,,
1965,"Kaiserslauten, Palatinate, Germany",,,,
1968,Upper Leaeoek (Lane) PA,,,,
1970,Oley (Bucks) PA,,,,
1978,Qley (Berks),,,,
1980,Pottstown (Montg) PA,,,,
1982,"Donegal, Jan",,,,
1984,Greenwich in Cohansey (Cumberland) NJ,,,,
1985,"Newark, NJug June",,,,
1987,Weybridg,,,,
1989,"Piermont, NHeb",,,,
1990,"Greenshaw, Ireland",,,,
1994,Mereersburg PA,,,,
1996,Taylor's Bridge (NC) Del,,,,
1999,Rosbrugh,,,,
2003,JOHN RUDOLPH KITTWEILER ( Kindweiler),,,,
2004,Swedesborough NJ,,,,
2005,Tory refugee to NY,,,,
2007,"Leeward Islands, West Indies",,,,
2011,"Slate Ridge, ept",,,,
2013,"Newport Pagnel, Bucks, England",,,,
2021,"Lower Pennsborough, June",,,,
2023,"Ashby River, South Carolina",,,,
2026,Kingsto,,,,
2029,Pencader Hundred (New Castle) Del,,,,
2030,Kenton Hundred (Kent) Del,,,,
2033,"Fretheme, Co Gloucester, England",,,,
2034,"Southampto, NY",,,,
2035,"Zozenheim, PAlatinate",,,,
2037,New Providence ept,,,,
2038,"Middletown, Lower Swatara (Dauphin) PA",,,,
2039,JOHN THEOPHILUS ENGELOND (or John Gott,,,,
2041,"Hempstea, NY",,,,
2042,"Oxford, assistant",,,,
2047,"Frederie,",,,,
2048,"Zweibrueeken, PAlatinate, Germany",,,,
2049,Skirbec,,,,
2050,"Regius Prof, of Divinity",,,,
2055,Rye (Westehester) NY,,,,
2056,White Plains (Westehester) NY,,,,
2059,JOHN H WICKEL (or Weikel),,,,
2061,JOHN WICKSELI (or Wiesell),,,,
2063,"Duerkheim, PAlatinate, Germany",,,,
2065,"Simmern, Coblenz, Germany",,,,
2072,Briek Chure,,,,
2076,"Neustadt on the Aisel, Mittelfranken, Bavaria",,,,
2079,JOHN WILIIAM STRÄ schoolteacher,,,,
2082,"Hempfiel, July",,,,
2088,"Lower Octoraro, PA",,,,
2089,"Yester, Edinburgh, Scotland",,,,
2095,"Suffolk County, Long Island, NY",,,,
2098,St Peterzell Germany,,,,
2099,Winehester (Frederiek) Va,,,,
2100,"Frederiek, Glade (Garrett) MD",,,,
2101,Pipe Creek (Frederiek) MD,,,,
2103,"St Gall, Hemburg Germany",,,,
2104,"St George, near Winterthur Germany",,,,
2105,"Fox Hill, Tewksbury (Hunterdon) PA",,,,
2106,"Wermeland, Sweden",,,,
2107,Ratkings Hoo,,,,
2109,"Fort St George d'Elmina, Guinea",,,,
2113,Nieuwbokswoude,,,,
2114,San Salvador and Brazil,,,,
2116,"Colesville (Colestown?) Sussex, Nj'",,,,
2117,"Ekesjoe, Sweden",,,,
2119,"Fredericksville Paris, I",,,,
2120,Fredericksville Parish (Albemarle) Va,,,,
2128,Cohansey (Cumb) NJ,,,,
2130,"Colebrook, Conn, JuIy",,,,
2135,"Frederickto, i",,,,
2136,"Nantmeal, Radnor, Wales",,,,
2149,Hopewell (Mercer) PA,,,,
2152,"Freehold and Middletown, both Dutch Ref",,,,
2155,"Westerl, i Mar",,,,
2157,"Tadmouth, Yorkshire, England",,,,
2158,"Whitmarsh, PA",,,,
2160,"Whitechurch, Shropshire, England",,,,
2161,"Siche, Sept",,,,
2162,"Sichem, North East Center (Dutchess) NY",,,,
2164,"Sharon, Gnadensee Mission",,,,
2166,Konolowa (Cumberland) PA,,,,
2168,"Little Ryder, St James, London",,,,
2175,Jefferson Coll,,,,
2180,Lower Pennsborough,,,,
2190,"Fresh Ponds, Long Island, NY",,,,
2192,"Newcastle, Pembroke, Wales",,,,
2194,"Bretton, Baden",,,,
2196,Newtown (Ulster) NY,,,,
2197,Sehoharie (Sehoharie) NY,,,,
2198,Langen Raek (Ulster) NY,,,,
2200,"Rector of Tattershall, Cheshire",,,,
2201,"Vicar of Broxbourne, Herts",,,,
2202,"Syraeuse, NY",,,,
2203,"Kriesheim, Germany",,,,
2208,Klickenberg Germany,,,,
2209,Quassick NJ,,,,
2210,"Rosendale, or Rosenthal in Ulster co",,,,
2211,Langen Rack,,,,
2216,"Helmstadt, Brunswick, Germany",,,,
2217,"Oixî London, Sept",,,,
2219,NeuCas rie (Westchester) KY,,,,
2221,"Pi\'l'KR D E WINT  Bci,i:",,,,
2222,Schaghaticoke NY,,,,
2223,Schaghiicoke íRerisselaer) NV',,,,
2226,Tran Hook,,,,
2227,"St Paul's Parish, Kent MD",,,,
2228,North Sassafras Parish (Cecil) MD,,,,
2229,Shrewsbury Parish (Kent) MD,,,,
2231,"Great Yarmouth, Norfolk County, England",,,,
2232,"Rector, Snow Hill, MD",,,,
2233,"Rector, Newbern, NC",,,,
2235,Saueon PA,,,,
2237,"Laneaster, PA",,,,
2238,Lower Maeungie (Lehigh) PA,,,,
2241,Franconia (Montg) PA,,,,
2242,"Lueneberg, Germany",,,,
2246,Baptisttown,,,,
2247,Qrd minister,,,,
2248,Qrd Bishop,,,,
2251,"Amswalde, Brandenburg",,,,
2252,"South Branch of the Potomac, West Virginia",,,,
2256,"Mill Creekiles from Heidelberg, PA",,,,
2257,"Muddy Creek, now Reamstown",,,,
2258,"Donegal, now Mt Joy",,,,
2259,"Heidelberg, Oley, Lancaster and York, PA",,,,
2260,"Graceham and Carroll's Manor, MD",,,,
2261,"Fifeshire, Scotland",,,,
2271,Lewes in Del,,,,
2275,"Trappe, in PA",,,,
2277,Calkoen's Hook,,,,
2279,"Kaufbeuren, Swabia",,,,
2280,Bethabar,,,,
2283,Cuba Rock PA,,,,
2284,"Lambsheim, Frankenthal, Rhine Palatinate",,,,
2288,"Saletz, Switzerland",,,,
2290,West Donegal (Lane) PA,,,,
2295,AUentown (Monmouth) NJ,,,,
2296,New Gnadenhuetten (Tuscarawas) Ohio,,,,
2297,"Kunwald, Moravia",,,,
2299,"Gnadenhuetten, Nazareth and Grandenthal",,,,
2300,Memel on the Baltic Sea,,,,
2301,"Trevethin, Monmouth, Wales",,,,
2306,"Boston, CO Lincoln, England",,,,
2308,"Undy, co Monmouth, Wales",,,,
2311,"East Chester and ¡West Chester, NY",,,,
2312,Norwatk CT,,,,
2313,"Ord  liopewell, NJ",,,,
2314,"Norwalk, i Nov",,,,
2317,"Laurel (Sussex) Del,  Sept",,,,
2320,"Prof, of Divinity, YC",,,,
2325,"Waterford, Colestown (Cumb) NJ",,,,
2326,Gloucester (Greenwich in Cohansey) NJ,,,,
2328,"Rector, Bundleigh, Devonshire, England",,,,
2335,Aquebogu NY,,,,
2336,"Laubau, Prussian Silesia",,,,
2337,"NATHANIEL WADE (H , non-grad)",,,,
2342,"Little Quogue, Westhampton, Long Island, NY",,,,
2343,"Moriehes, Brookhaven, Long Island, NY",,,,
2345,Logtown (Salem) NJ,,,,
2346,Wicaco PA,,,,
2347,"Rector, Swedesboro (Glouc) NJ",,,,
2351,Kingwood (at Baptistown) NJ,,,,
2352,"Chipmanslade, Wiltshire, England",,,,
2353,Graceha,,,,
2354,"Hoeoer, Scania, Sweden",,,,
2357,"Cohansey, now Fairfield (Cumberland) NJ",,,,
2363,"Gomersa, England",,,,
2366,Ammasland NJ,,,,
2367,Calkoen's Hook NJ,,,,
2368,"Gwrgodllys, Cilmanllwyd, Pembroke, Wales",,,,
2371,"Jamaic, July",,,,
2372,"Haeradshammer, Linkoeping, Sweden",,,,
2376,Maurice River (Gloucester) NJ,,,,
2380,"Niebuhl, Gluckburg, SchleswigHolstein",,,,
2383,NurLhampton (Bucks) PA,,,,
2384,Swedish botonist,,,,
2399,Rhinebeck Fiats (Dutchess) NY,,,,
2401,"Christiansbrunn, Bethlehem, PA",,,,
2404,Ash Grave (Washington) NY,,,,
2405,"Balligarane, Ireland",,,,
2410,"Frederick (Frederick) MD, Nov",,,,
2411,PIERRE DAILIÉ,,,,
2413,"ChatiUon-sur-Seine, France",,,,
2414,"Lake Huron, Sept",,,,
2416,Vietor (Ontario) NY,,,,
2420,Ottawa missionct,,,,
2421,Picataway NJ,,,,
2424,Compassville PA,,,,
2425,West Cain (Chester) PA,,,,
2435,Kingston Parish (Mathews) Vaet,,,,
2439,"Liverpool, Laneashire, England",,,,
2440,"Greenwich, first Parish",,,,
2441,Hopewell (Mereer) NJ,,,,
2451,"Cupar, Fifeshire, Scotland",,,,
2456,Colestown (Cumberland) N J,,,,
2457,Greenwich in Cohansey (Cumberland) NJ-ijjj,,,,
2458,Surgeon and,,,,
2466,"Shippensburgh, PA",,,,
2467,Southampton (Cumb) PA,,,,
2472,Dickinson Coll,,,,
2475,"St Thomas's Manor, MD",,,,
2477,"Waneytown, County Armagh, Ireland",,,,
2478,"Rector, Rye, NY",,,,
2480,NJ Medical Soc,,,,
2481,"Drummore, Ireland",,,,
2492,"Sacomb, Hertfordshire, England",,,,
2497,ROBERT WALKER (poss matrie ),,,,
2505,Roehester (Ulster) NY,,,,
2506,"Jamaiea, Newtown, Oyster Bay",,,,
2507,Upper Sehoharie NY,,,,
2508,Chestnut Level (Lane) PA,,,,
2511,"Rector, i Sept",,,,
2515,Rockfis,,,,
2518,Mountain Plains (Nelson) Va,,,,
2520,"Geinburg, PA",,,,
2522,Fagg's Manor PA,,,,
2523,"New Londonderry, PA",,,,
2525,STD Coll,,,,
2528,"Greencastle, PAov",,,,
2529,Lower Pennsborough (Cumberland) PA,,,,
2534,"South River, Cranbury and Matchaponex, NJ",,,,
2537,Summit Ridge (New Castle) DE,,,,
2538,Princeton Uept,,,,
2540,"Middleburg, Holland",,,,
2544,"St John's Coll, Cambridge",,,,
2545,Bruton Parish (James City co) Va,,,,
2547,Norriton (Montg) PA,,,,
2548,"Lower West Nottingham, MD",,,,
2549,"Stettlen, Switzerland, Aug",,,,
2555,Schooley's Mt,,,,
2558,Konolowa (Cumb) PA,,,,
2561,"Delacarlien, Sweden",,,,
2562,"Manathanim, Douglassville PA",,,,
2563,Rumfertuna (Westeras) Sweden,,,,
2568,"Llanddewi, Radnor, Wales",,,,
2569,Cefyn-y-Gelli Bettws Parish Glamorgan Wales,,,,
2572,Cumberiand (Adams) PA,,,,
2577,"Wernigerode, Holland",,,,
2581,"Rector, ept",,,,
2585,"Salem (in North Salem, Westchester) NY",,,,
2594,"Tittelsheim, Frankforton-the-Main, Germany",,,,
2600,Qrd Northeasttown (Dutchess) NY,,,,
2601,"Beauvais, Franee",,,,
2603,SIMON SMITH (prob NY,,,,
2607,"Fishkill and Poughkeepsie, NY",,,,
2608,"Hillsborough and Neshanic, NJ",,,,
2609,"Hackensack and Schraalenburg, NJ",,,,
2610,Professor of Theology,,,,
2611,Lecturer in Theology,,,,
2616,Michilimackinac mission,,,,
2617,Recollect Father,,,,
2620,Saddle River and Pascack,,,,
2621,New Huriey (Ulster) NY,,,,
2624,Cortlandttown (Westchester) NY,,,,
2625,Assunpinck (Mercer) NJ,,,,
2626,"Torpa, West Gothland, Sweden",,,,
2627,"Ammasland on Darby Creek, PA",,,,
2628,"Calkoen's Hook, near Chester, PA",,,,
2629,Lindhein Sweden,,,,
2631,"Frederic, June",,,,
2632,"Geinsheim, Speyer, Germany",,,,
2635,"Sourland, near Harlingen",,,,
2636,Subrector of the Latin Academy,,,,
2639,East Friesland Holland,,,,
2640,"Enkhuizin, Holland, Sept",,,,
2647,"Thornpson, Woodstock, CT",,,,
2648,"Hackney, Middlesex, England",,,,
2649,"Qrd Boston, MA",,,,
2654,Dorchester Parish (Dorchester) MD,,,,
2655,St Luke's Parish (Queen Annes) MD,,,,
2656,"Nottingham, MD, after",,,,
2663,"Sassafra,",,,,
2664,"Rector, Donagh Henry, Ireland",,,,
2665,"Prebendary, Canterbury",,,,
2669,"Boston, Oct , in the ship",,,,
2670,"Freetown, Mass, Jan",,,,
2672,"Sergeant, RL",,,,
2675,St Mary's City (St Mary's) MD,,,,
2676,"Newton Notage, Glamorgan, Wales",,,,
2680,"Oxford, NJct",,,,
2681,"Hopewell, NJune May",,,,
2683,"Machynlleth, County Montgomery, Wales",,,,
2684,"Greenwich, Conn, Apr",,,,
2685,"Dunbar, Seotland",,,,
2697,The Minisinks (Sussex) NJ,,,,
2704,"Taunton, County Somerset, England",,,,
2705,"Gilling, Richmond, County York, England",,,,
2707,"AUentown, NJ",,,,
2711,"Sierre Leone, West Africa",,,,
2712,"St George's Parish, Dorchester (Dorchester) SC",,,,
2713,Antrim Parish (Halifax) Va,,,,
2714,St Bartholomew's Parish (CoUeton) SC,,,,
2715,St John's Parish (Colleton) SC,,,,
2718,"GranviUe, NS",,,,
2719,"Lawrenee, NJ",,,,
2720,"Biggleswade, County Beford, England",,,,
2728,Ipswieh MA,,,,
2730,"Ipswieh, first Parish",,,,
2731,Cutchogu NY,,,,
2733,"Hockheim, Wurtemberg, Germany",,,,
2740,Pequea District Lane PA,,,,
2742,Marlborough (Monmouth) N J,,,,
2746,Judge of Probate,,,,
2747,Upper Red Hook Landing (Dutchess) NY,,,,
2748,University Gronigen,,,,
2751,"Graftdyck, Holland",,,,
2752,"Rensselaerwyck, NY",,,,
2754,University of Leyden,,,,
2756,"New London, Conn, North Parish",,,,
2757,St Mary's Parish (Caroline) Va,,,,
2758,Nottoway Parish (Southampton) Va,,,,
2762,"Bodenteich, Duchy of Lueneburg",,,,
2763,Athens (Greene) NY(Columbia) NY,,,,
2764,"Raritan and Hackensack, NJ",,,,
2769,Radnor near Valley Forge PA,,,,
2771,"Castellneth, Glamorganshire, Wales",,,,
2774,Squan (Montmouth) NJ,,,,
2777,Forks of the James (Rockbridge) Va,,,,
2778,"Lichtenau, Nov",,,,
2780,"Musconetcong, near Alexandria VA",,,,
2781,"Liningen, Germany",,,,
2786,Christ Church Parish (Queen Annes) MD,,,,
2787,"Neuritt, Germany",,,,
2789,"Lynch, Leominster, Hereford County, England",,,,
2790,"Drawlington, County Warwick, England",,,,
2792,"Sandwich, the first minister",,,,
2796,"Regent, USNY",,,,
2797,Dover (Dutehess) NY,,,,
2798,"Abernethy, Fifeshire, Scotland",,,,
2800,"Exeter, RL",,,,
2801,"Broieh, Westphalia",,,,
2803,Freehold (Mercer) NJ,,,,
2806,St Paul's Church (Kent) MD,,,,
2808,"St Peter's, July",,,,
2810,North Elk (Cecil) MD Mary Anne's Parish,,,,
2811,Augustine Parish (Cecil) MD,,,,
2813,"Pennypack, Lower Dublin, PA",,,,
2814,"Neuen Sigmaringen, Westphalia, Germany",,,,
2819,"Yarmouth County, Norfolk, England",,,,
